<?xml version="1.0" encoding="UTF-8"?>
<project xmlns="http://www.netbeans.org/ns/project/1">
    <type>org.netbeans.modules.apisupport.project</type>
    <configuration>
        <data xmlns="http://www.netbeans.org/ns/nb-module-project/3">
            <code-name-base>net.java.nb</code-name-base>
            <suite-component/>
            <module-dependencies>
                <dependency>
                    <code-name-base>org.netbeans.modules.editor.lib</code-name-base>
                    <build-prerequisite/>
                    <compile-dependency/>
                    <run-dependency>
                        <release-version>3</release-version>
                        <specification-version>3.9.1.13.10</specification-version>
                    </run-dependency>
                </dependency>
                <dependency>
                    <code-name-base>org.netbeans.modules.options.api</code-name-base>
                    <build-prerequisite/>
                    <compile-dependency/>
                    <run-dependency>
                        <release-version>1</release-version>
                        <specification-version>1.18.1</specification-version>
                    </run-dependency>
                </dependency>
                <dependency>
                    <code-name-base>org.openide.awt</code-name-base>
                    <build-prerequisite/>
                    <compile-dependency/>
                    <run-dependency>
                        <specification-version>7.23.1</specification-version>
                    </run-dependency>
                </dependency>
                <dependency>
                    <code-name-base>org.openide.filesystems</code-name-base>
                    <build-prerequisite/>
                    <compile-dependency/>
                    <run-dependency>
                        <specification-version>7.38.2</specification-version>
                    </run-dependency>
                </dependency>
                <dependency>
                    <code-name-base>org.openide.modules</code-name-base>
                    <build-prerequisite/>
                    <compile-dependency/>
                    <run-dependency>
                        <specification-version>7.17.1</specification-version>
                    </run-dependency>
                </dependency>
                <dependency>
                    <code-name-base>org.openide.nodes</code-name-base>
                    <build-prerequisite/>
                    <compile-dependency/>
                    <run-dependency>
                        <specification-version>7.16.1</specification-version>
                    </run-dependency>
                </dependency>
                <dependency>
                    <code-name-base>org.openide.text</code-name-base>
                    <build-prerequisite/>
                    <compile-dependency/>
                    <run-dependency>
                        <specification-version>6.30.1</specification-version>
                    </run-dependency>
                </dependency>
                <dependency>
                    <code-name-base>org.openide.util</code-name-base>
                    <build-prerequisite/>
                    <compile-dependency/>
                    <run-dependency>
                        <specification-version>8.6.1</specification-version>
                    </run-dependency>
                </dependency>
                <dependency>
                    <code-name-base>org.openide.util.lookup</code-name-base>
                    <build-prerequisite/>
                    <compile-dependency/>
                    <run-dependency>
                        <specification-version>8.3.1</specification-version>
                    </run-dependency>
                </dependency>
                <dependency>
                    <code-name-base>org.openide.util.ui</code-name-base>
                    <build-prerequisite/>
                    <compile-dependency/>
                    <run-dependency>
                        <specification-version>9.4.1</specification-version>
                    </run-dependency>
                </dependency>
            </module-dependencies>
            <public-packages/>
        </data>
    </configuration>
</project>
